Temperature,Pressure,Concentration_A,Concentration_B,Catalyst,Reaction_Time,Yield
87.45401188473625,7.2834554261777065,0.2666196359547577,0.5671736066225963,0.03355351153623154,101.02708143169333,92.44557558411073
145.07143064099162,5.824867297097083,0.5877108526405224,0.5312636898667579,0.03222809191647999,94.09805741201895,100.0
123.1993941811405,3.78574854657695,0.8856512522887674,0.12307785922579212,0.09156291224689331,73.08818466011306,100.0
109.86584841970367,8.324155177362538,0.759002397768605,0.4071230448635408,0.03245915798645555,115.16518579731265,100.0
65.60186404424365,7.162580552984913,0.8259050330753047,0.44217605690727135,0.034475475351576794,32.052196708124306,100.0
65.59945203362027,2.463552454104022,0.6929050300396457,0.45894050280721044,0.07834584361761673,22.019063134058356,100.0
55.80836121681995,9.198344660444583,0.7230489080660673,0.6221551323045991,0.050476585820548606,103.93581636509644,96.54454105642978
136.6176145774935,8.402835186308522,0.8642760864087874,0.5802422920541906,0.07990395012596631,58.306479829712316,100.0
110.11150117432088,9.548199219627316,0.32470120797326735,0.6471145835141001,0.015882954180794672,103.16657396277665,88.8146933830937
120.80725777960456,7.531475575495239,0.5404824672788264,0.7883949353879154,0.05388140743060459,108.23992257149564,100.0
52.05844942958024,6.520736763422109,0.299088497637642,0.8316871648444841,0.013025224016495437,16.870335298097856,68.51425322940327
146.99098521619942,4.76418732661557,0.9889012071969823,0.7463107686038449,0.015638788310981908,107.18112392846668,100.0
133.24426408004217,9.39455635018612,0.949653405717952,0.9599713263594413,0.09157937080099698,59.31509609063644,100.0
71.23391106782762,8.794575005503674,0.13548413023165531,0.11640932440872548,0.022532083400583568,66.14757379046554,70.39558875828382
68.18249672071006,1.4069680309557047,0.7350176552641197,0.2762001871151915,0.057917861404769545,78.92517622025312,83.78081486996534
68.34045098534338,1.2373027704752682,0.9327234856740992,0.10680658748032791,0.046998604234063594,111.90208674030954,87.27443228343674
80.42422429595376,4.388170301902447,0.2625178106146002,0.6827272427391426,0.04126089936329585,12.102770387274044,90.67333346635739
102.4756431632238,8.294979977036496,0.6111507074973666,0.9082274940549883,0.09098500111185452,62.45278151495988,100.0
93.19450186421157,9.8854851638345,0.9239394678292376,0.31913406691866936,0.011964105709794056,85.64942466736167,93.89924515603622
79.1229140198042,2.3537520199317536,0.13055138072721897,0.9343310903166759,0.06974107175580302,89.49776534680512,100.0
111.18528947223794,6.347176438169216,0.7276782405221559,0.15424065126060477,0.09670549907921955,86.17856746908188,100.0
63.94938606520418,4.428017709679194,0.3676141066352957,0.9409924241249629,0.060415136511565784,24.787864234893405,100.0
79.21446485352182,9.72922958033143,0.9319565758388774,0.41646041851567095,0.09431402158297827,42.933514720884936,100.0
86.63618432936917,8.579070308221379,0.973952420648831,0.19127874560429486,0.01470320913574214,49.45870779587148,99.39142150982127
95.6069984217036,8.54495834240024,0.9498398402020906,0.5372845832676931,0.047691398716674535,98.48809284474555,100.0
128.51759613930136,5.218238438154732,0.5267927949917174,0.33109891094845717,0.033414201186584606,40.66358596560083,100.0
69.96737821583598,4.733375521038987,0.8758383858903821,0.3563856117657306,0.07577388684826568,33.177546025392346,100.0
101.42344384136116,3.4606636473763563,0.8600944586815633,0.37656096843365794,0.09831673814475221,115.31928209419058,100.0
109.24145688620425,1.507379469858344,0.38719042591893005,0.8227233080493971,0.033087705619982304,10.97496136248158,100.0
54.64504127199977,8.782501386295479,0.8460239267356096,0.5852451490077291,0.0688757141326667,119.76029412501761,100.0
110.75448519014384,8.316109082170698,0.13330687124394336,0.38017692924040325,0.027828786948376615,84.45034287431352,86.16365468344559
67.05241236872915,9.997459059575176,0.6366428906338477,0.6493004049798266,0.060879722911444896,101.13162293940287,100.0
56.50515929852795,9.969731533665149,0.30700795355893273,0.7445356068008742,0.05175392380195026,42.40813359808125,99.37075944230054
144.88855372533334,5.998885350423647,0.20851019719955094,0.3453616006601804,0.09748047966683834,11.574680543376598,100.0
146.56320330745592,7.9208867366245945,0.16925788146628823,0.4721941913728164,0.064767454542682,91.16564704176831,100.0
130.8397348116461,9.502891568941852,0.7266598982903257,0.2096974840032528,0.041455573487813695,101.75590567007434,100.0
80.46137691733708,8.646826516096702,0.4058874673912596,0.2630344145812123,0.020268620639914005,91.45237451488711,76.11389517456949
59.76721140063839,3.226132915688779,0.7522900943758853,0.7130060685684845,0.023612214586144112,25.713531603092246,81.34331448860674
118.42330265121569,5.054897217790842,0.15882070671904813,0.26329451292606426,0.03027852369561116,92.8770714482666,90.97097654451544
94.01524937396013,2.162434736363455,0.38376130404754927,0.5726470453003542,0.032586999520626825,94.5815060318405,89.17310524439043
62.20382348447788,9.586459245328502,0.5855421631378035,0.7381416355501894,0.08655544520570241,82.43945672370604,100.0
99.51769101112703,6.455571710057921,0.8116508483550672,0.19618923078526945,0.06051005094542725,94.27275260751448,100.0
53.43885211152184,3.0577852495311646,0.38687725263886297,0.6105809976660131,0.05710518202369299,103.05135836455054,70.47064797558052
140.9320402078782,7.045306159652711,0.6633022387933082,0.3309065053312274,0.020329198468229573,77.49645256612042,100.0
75.8779981600017,6.5631541641210625,0.8973799734125684,0.9666341877138218,0.08741257240144915,19.746518536664695,100.0
116.2522284353982,4.223464462295564,0.6542768693640741,0.5351910820479323,0.07505328728876354,63.6390590633932,100.0
81.1711076089411,2.022018329796661,0.3096635272782704,0.8253932947976423,0.016090152571000143,18.541426813876555,76.13596319083888
102.00680211778108,7.044158760335196,0.12196070340088422,0.5952038879406356,0.07370515875067918,54.82973341356739,100.0
104.67102793432797,5.68276930813414,0.8830889865108369,0.13907127956933726,0.05891843956083816,54.78171380381904,100.0
68.4854455525527,7.950865525620754,0.11914246976534842,0.6698362380346201,0.017355281117210044,17.261082855426572,77.76288782958744
146.95846277645586,5.68147151000794,0.8872315054157794,0.9562630079859913,0.05124705773757909,48.370258736642725,100.0
127.51328233611146,8.669633502866862,0.5760434206244908,0.6414506381316981,0.053622665841704234,22.20979086704463,100.0
143.9498941564189,5.9671615489703695,0.9451609286616065,0.8372699734841111,0.02491970861469482,98.90587310101444,100.0
139.4827350427649,6.0484417438184765,0.8189049121962988,0.895785817013567,0.09511283323002541,114.24568285609179,100.0
109.78999788110852,8.889882423925105,0.9981406994800037,0.3052717947540392,0.08649778343325958,17.954812278373247,100.0
142.18742350231167,4.631345795911574,0.41564063390653916,0.290840355917404,0.07021201035961976,115.06267280208715,100.0
58.84925020519195,2.2061370560557667,0.7904694600380142,0.6498828899658925,0.05160660049005465,67.48342592704196,86.3551067326804
69.59828624191452,1.2590440868200508,0.46173782224831794,0.46992562282603423,0.04705889874260577,42.95222457492613,86.3003955359039
54.52272889105381,7.796235301062571,0.5318880582735179,0.8558751725800483,0.06858761204358588,18.45482828037799,100.0
82.53303307632643,6.582785962181182,0.6647549168965331,0.9100208110582101,0.0590888682466215,65.06866948774595,100.0
88.8677289689482,7.336717912893012,0.8863094027677049,0.41807924137244634,0.015604579529369706,97.39670989398236,98.30507042166334
77.13490317738959,2.9166774535801965,0.9856751222793656,0.31318350307703385,0.05612523838932986,87.7795124993368,100.0
132.87375091519294,2.2273432802809277,0.7914460724780664,0.8024729637194756,0.08257632555095555,15.524861261037113,100.0
85.67533266935894,1.1309019910109375,0.4759901039506004,0.3473254319933225,0.05133158898372623,18.019201890469386,87.33866943279727
78.09345096873807,4.155288029259372,0.4792213020493632,0.8403528866623106,0.014676091979884159,54.31606108959008,89.73750998612704
104.26960831582485,6.309259181691698,0.7638240714300023,0.4813644282838866,0.08076503794456298,42.48195434527376,100.0
64.09242249747626,4.530196405897591,0.3148994311914721,0.7007949093623234,0.028122740392237694,35.56227553616526,81.33598374903549
130.21969807540398,4.937274298213562,0.1994267018182552,0.18598178245120137,0.03327587513992349,40.91049487995849,99.86657741392519
57.45506436797708,9.137428250443735,0.4191599418766989,0.6614733922089157,0.024823571808906632,98.3831017626573,80.64097707922816
148.68869366005174,4.134299203209704,0.3585150924886735,0.5065909108635063,0.039719355838434785,112.21508589950393,100.0
127.22447692966574,5.625905402438297,0.36667730841039115,0.6279476168579267,0.07810763551197715,54.561296398032304,100.0
69.87156815341724,8.052877114670288,0.31024697594491896,0.2512127869703771,0.056744727355354366,109.67221023457468,89.88235987501479
50.55221171236024,4.568885040891431,0.1378838706727257,0.7631863704497639,0.028439314673564135,45.36452713726702,66.16630222210408
131.54614284548342,6.598780302050861,0.11608654126007244,0.8765173697889057,0.08900470703368368,62.40806849781708,100.0
120.68573438476172,8.761273378720706,0.9889501507624284,0.2950658200816981,0.08916236694563763,34.86318975975997,100.0
122.90071680409874,9.54568561291878,0.4849958203622762,0.18614309996814554,0.08835205825414062,80.45236463934283,100.0
127.12703466859458,2.323661328361341,0.4458939824437135,0.12127472744170276,0.031491659024338536,117.68792266922898,91.45685210419103
57.40446517340904,9.339288626453449,0.7116825544237628,0.6777743503989394,0.050611540976288935,76.38424056477164,100.0
85.84657285442725,5.429046637715844,0.29642849907855773,0.6463846324799026,0.09864906905267876,49.359549252490375,100.0
61.58690595251297,3.324199494690625,0.9549650655552028,0.592027671442663,0.07948112286789914,81.25991905895812,100.0
136.31034258755935,5.132221806144352,0.8077105129739969,0.30875238650437786,0.012445067910300384,23.521274631192632,100.0
112.3298126827558,9.820293177569294,0.18046990208103358,0.45181539631496326,0.015868413213444284,107.75249882919385,84.57560969716377
83.08980248526493,5.4335628459358265,0.4758226982064355,0.6350287016675558,0.05175382391310995,65.33923458578201,100.0
56.355835028602364,3.958764492587574,0.8912064768059482,0.5470901729732525,0.09182981852754042,59.428471624360625,100.0
81.09823217156622,6.700607688850532,0.9502588200622692,0.9890069681933986,0.05848316181574429,74.44512672988711,100.0
82.51833220267471,3.1613105690037377,0.5206613601248827,0.22279577730105982,0.05480312572308613,78.72622490683428,86.45282820231066
122.96061783380641,1.6827699529779752,0.6520702502896369,0.7256300986428345,0.019492632996096756,17.89533868491643,100.0
113.75574713552132,2.159917497195843,0.2503305514828677,0.46388689129386296,0.06911020942518648,85.08789433457426,100.0
138.72127425763267,2.152412550619952,0.9920517635232788,0.48537965343305334,0.08398928445402029,36.612484834708255,100.0
97.22149251619493,2.3671242416106493,0.3085045312450991,0.7458379890923587,0.044237800675680616,88.53478957572487,86.47861628255512
61.95942459383017,2.2494445538446914,0.948458596721613,0.7231925361919327,0.07980506658327947,100.47882738226164,100.0
121.3244787222995,6.767872703228932,0.6846819840931316,0.9921303943319695,0.09680289885107304,98.43543583077724,100.0
126.07850486168974,2.6369207595923037,0.6469631153909732,0.2155548605087127,0.02833898132149202,70.7751064148678,93.74152546820761
106.12771975694963,4.111005549914768,0.5614196599148578,0.19369868444574972,0.057099666807526726,67.21868815418263,100.0
127.0967179954561,9.071095689154106,0.3076028305459828,0.751904935415867,0.0358424162276118,25.71635574733529,100.0
99.37955963643907,5.265654762365851,0.25887522880495745,0.6205482253057681,0.08135689771304555,95.28807654434492,100.0
102.2732829381994,7.008019646689244,0.2984375881631578,0.3467445999038253,0.06198340292930418,39.855031849138584,100.0
92.75410183585495,2.5508788408146685,0.2677944359298291,0.17147743209008795,0.06711241757952734,64.63649650997412,89.72009761688854
52.54191267440952,2.730601169278037,0.801626026210078,0.17709242463678748,0.08181227436543047,41.27015022202684,93.06854391056343
60.78914269933044,1.3678175463983098,0.41511273325005715,0.9047717871977065,0.04563734253962094,24.721119929966246,85.09673713513877
53.14291856867342,2.520415567649481,0.15205840890705674,0.27268059224686864,0.0923581061566339,79.25134665809102,76.66401632812072
113.64104112637804,3.5073130512876274,0.9721923671267302,0.39103440590396865,0.0579725980521526,15.976523830519422,100.0
81.43559810763267,2.5930943584907213,0.8954072964670832,0.3039907620042892,0.024215934055181323,92.350975753882,82.90295371687318
100.85706911647029,1.7983228038135004,0.9349770548756917,0.41949667524874357,0.07263092063519222,44.934547478722834,100.0
140.7566473926093,2.085722839905407,0.9954170403817918,0.16248145847148404,0.0813935215394429,10.014816230493386,100.0
74.92922291488749,5.147008912294532,0.2565057242975386,0.5671538118174434,0.038508550936077406,66.22420531609528,89.70073201950386
91.03829230356297,2.8570034656521326,0.4566178170123929,0.16085130723299343,0.08714613312988777,15.153709938036343,100.0
125.55511385430486,4.278428749432679,0.7824146281336821,0.8203208570401254,0.09155289292891898,40.378651360298946,100.0
72.87981654916224,5.530755437693712,0.726418556248413,0.31034087371938973,0.034921403864002803,87.76741362012878,88.23488380190888
57.6979909828793,7.213553457664288,0.23850631570586955,0.5860107231440596,0.09851693254437,16.895858378405244,100.0
78.9751452913768,1.3538092585698904,0.8342498124915559,0.8920711788053124,0.02266403752438826,102.32723415916026,91.0035366935662
66.12212872540044,8.194693590181384,0.3019965146529946,0.6857896321424748,0.0281814101562241,10.420191492444141,92.41718580688095
142.9697652342573,6.6511035054181695,0.30143585334036077,0.5796620078962018,0.02658023553142235,37.15062561220925,100.0
130.8120379564417,1.7358312875398472,0.5832769806040722,0.391900377803838,0.09045907390070834,91.49944617672786,100.0
113.34037565104234,8.862207616960994,0.6336459413575328,0.39970172175237817,0.06888632970924657,44.789716470223745,100.0
137.14605901877178,9.287851604786319,0.62207758705403,0.7025382596783711,0.023689385490004558,21.20816268726149,100.0
130.36720768991145,1.5497016386937736,0.1823381536579794,0.9947254250990508,0.049629107653151414,49.62573106804707,100.0
68.65700588860358,3.4918988333248335,0.8897147763673423,0.6956552708644408,0.06537682225628219,39.74326150229781,100.0
139.25589984899779,8.255811518137552,0.3390400383298355,0.6020050756330224,0.017511767649044496,102.69830923766104,100.0
103.93422419156508,7.734337213452926,0.21656342915452376,0.7575854592153215,0.08941747315666049,44.46827093436575,100.0
130.74401551640625,2.6606891742073957,0.8998732718820794,0.5186850510553463,0.08232431818973816,96.78257189536079,100.0
139.60912999234932,2.8841439100303927,0.960086348406778,0.1541281083407067,0.055468609621897445,108.10593592918082,100.0
81.80034749718638,4.334248925122438,0.8759148555389056,0.6060671342901188,0.09704139537332535,57.71991615341825,100.0
61.00519245276767,5.360706866719192,0.8285644672523903,0.9618627560548422,0.047598488134758976,110.09374582398313,96.01215934797729
72.79351625419417,6.564292943772664,0.6897177825751195,0.2577726481218937,0.09856992871328481,51.50498593595121,100.0
92.71077886262563,4.320222756127952,0.5957716335482254,0.7210044017385991,0.07011279989232644,116.0486258139119,100.0
131.80147659224932,5.162812445198331,0.17828808392026912,0.2808403197931508,0.06712041459285474,19.82184769781302,100.0
136.07305832563435,7.727238443203809,0.4676078917636288,0.5822449160257731,0.02493594057662065,85.5721193153567,100.0
50.69521305311907,1.330148826015381,0.43541966531108256,0.18700880468204767,0.08937349824741796,64.31954445026216,77.30747993504048
101.07473025775657,3.2719324990961867,0.3337784053842936,0.5053338426323667,0.04847407191285537,52.641368600121176,100.0
91.7411003148779,7.420146272960972,0.7510781023197265,0.7805469960057214,0.024601006520423144,79.5983066623461,100.0
72.21078104707303,9.056861539184794,0.5462881615708938,0.41281437181508385,0.011134676797818314,87.42428007977644,86.34991766637802
61.98653673336828,5.6050969790409955,0.17294159431688316,0.6984205520384962,0.06037801152745444,10.479959661534,100.0
83.7615171403628,5.789021367387841,0.29816488175483025,0.8159049647107562,0.057465965991040875,28.36483976219186,100.0
144.2909703912519,1.9645481020579845,0.7149328872936364,0.9344600375315074,0.07474182601322428,88.43506556977506,100.0
82.32029320207553,5.026711301411092,0.16851777354127018,0.31117787366990823,0.0901232247716022,83.30239549360272,100.0
101.87906217433661,5.793555398095209,0.8660862226438918,0.4593843242283774,0.017146592617872658,116.26522556415449,95.00495717195822
120.30189588951778,3.1822345327125667,0.5456318743125769,0.2371744119973757,0.07583468413063262,93.71415692758613,100.0
86.3629602379294,3.4231890785444286,0.5325279195939833,0.9932351519425376,0.0268670749687824,114.58499785044718,92.93655446449502
147.17820827209607,4.395557467941604,0.6331670061935658,0.9343008711318658,0.08723593478414476,87.27945516882876,100.0
146.24472949421113,1.1806407799995373,0.8422128693326343,0.5859614172525036,0.08371571624754905,42.785742950338744,100.0
75.17822958253642,3.8987124902486046,0.4130282871119738,0.8578299649387792,0.058671437948699,21.590141447594213,100.0
99.72485058923854,2.9030320629689017,0.7102145373031572,0.568862179544838,0.07392185187609804,96.00062496794291,100.0
80.08783098167697,3.9474761696012317,0.6091587675962119,0.6612271192024838,0.038291510186537356,80.85641436235075,100.0
78.48404943774676,2.077859186373261,0.3403254431524792,0.18021198890441498,0.05240511090395333,15.300461363262585,76.50278095305876
53.68869473545328,9.014745526659055,0.8907669877196421,0.7797433784471272,0.08394732079394246,49.60555124910762,100.0
110.95643339798968,6.342332081986438,0.8176834194462352,0.21494213527171135,0.051333867745589255,115.24797970327148,100.0
100.26790232288616,7.111920872300407,0.6926066511925829,0.8434608672272755,0.04220184387928977,65.04412602812214,100.0
55.14787512499893,8.102541147466045,0.8655235561848177,0.8038252789033473,0.054479120252527,57.60020496216751,100.0
77.86464642366114,5.485979790361515,0.8805647808638222,0.7378702279686787,0.08454243271934965,60.34695656752234,100.0
140.82658859666537,1.7822825927868133,0.7375266790435313,0.13254434247228591,0.04016872426337855,32.977099640568014,100.0
73.95618906669725,5.83395887636693,0.8533119955273049,0.3728155203507958,0.025638543382216945,50.55778879512747,96.17017627493155
64.4894872091223,6.281570062187912,0.7277243155023553,0.33680131291975857,0.07408126182977028,50.679458158589426,100.0
98.94527602775631,7.70895526765897,0.7121266945842704,0.4241227667243672,0.08433803914372737,15.759052220621964,100.0
148.56504541106005,4.884935916067114,0.6567502403936659,0.1788784720874547,0.019057373067118,94.43243913697101,100.0
74.20552715115004,2.148222725160074,0.7774449756018771,0.9432620407279565,0.03158867014803503,55.81548750942669,94.38984298533045
117.21355474058785,3.55398315218852,0.24274459476376634,0.5984220166411387,0.022777479078489454,100.43978754980657,100.0
126.16196153287176,4.267740667587716,0.8927836832790356,0.3749718795922212,0.041314727042395,103.5382801231885,100.0
73.76375439923997,6.8132551719844106,0.8846591749707088,0.4572833653668551,0.05053158810148715,33.319346016852386,100.0
122.82163486118596,6.137004742020207,0.12632255473110324,0.5024822864543521,0.07739437032669759,82.30888303871414,100.0
86.77831327192533,4.204870533080616,0.8432350755082864,0.6405349000245556,0.06860328263935067,61.95099845792799,100.0
113.23058305935794,9.878637239136816,0.21598288072610067,0.564111484926848,0.06588357107305881,106.81724117136336,100.0
113.35297107608946,6.451973374211985,0.4016069688332278,0.9274527758929756,0.0417137451948689,33.73147470940995,100.0
103.57746840747585,3.1350411256239505,0.769157430662447,0.5472671346152472,0.0857302797776284,84.55945203410486,100.0
59.02897700544083,1.9160422535836337,0.2446839064434774,0.9929422133409814,0.05241584506583482,76.85273344779948,83.4060234248395
133.5302495589238,2.375732252658988,0.836170321707156,0.8662824619705861,0.09811944442136392,42.48316253290161,100.0
82.07800649717359,3.213619555460573,0.8489207601619677,0.28765946292160227,0.06707279244661632,25.026099401628986,100.0
68.65185103998542,2.446132359336001,0.5567209603847526,0.9375356931795247,0.021363826740805246,81.68037365250042,70.77558552111032
54.07751415547639,2.679103216461752,0.10574728454515023,0.2047297580969285,0.07085598058678906,91.24572039455637,65.84204610050233
109.08929431882419,3.565856518244624,0.3583343198574215,0.8357047376420724,0.039259361388852915,44.7190078139685,100.0
117.75643618422824,2.560362357652793,0.655234226538168,0.4425609641289221,0.07176944770174877,80.93158644245452,100.0
51.65878289278562,9.070888821637826,0.9830675602246811,0.8901768884005625,0.016267703334616516,53.46439983726536,100.0
101.2093058299281,1.7221037109547799,0.6686321743150015,0.8812510210967053,0.025739329345836344,88.45275716108794,100.0
72.6495775197938,5.720602506132292,0.3338232229577438,0.825332860105859,0.08701635330152077,31.91368023834584,100.0
114.51727904094498,4.693571442906954,0.6706051327896502,0.8110273926763553,0.030446160132116346,107.92365028997918,100.0
67.43664290049915,9.841407552177458,0.58598684174427,0.3742112251882367,0.08533370127186461,41.61505561121377,100.0
119.09377381024659,2.008350119512471,0.8018608556360293,0.17282735474612698,0.03513484796089694,50.45645865317682,100.0
88.67353463005374,4.580700391411675,0.19628257494426257,0.46268216088864533,0.0678593719052837,16.390114728838476,100.0
143.67299887367346,9.72523389947832,0.7849251122518252,0.2561720634878578,0.0724735516158848,22.266343355340403,100.0
63.75209441459933,8.789564133045822,0.5871399208084993,0.7254559800122156,0.05613892778305477,66.7448092983561,100.0
84.10663510502584,8.353648638543518,0.9666928034730952,0.411489753884007,0.03747796090270582,39.43519444007686,100.0
61.34735212405891,3.3211254434044584,0.4076849494348175,0.9780491807739234,0.029137993873398653,101.90282483164138,73.74451375485846
142.4693618278563,2.5379882865105925,0.6693597038205533,0.6768748696107988,0.01298704191061836,11.616272752044923,100.0
137.7339353380981,7.017788979319879,0.9388252949590157,0.8402325072709248,0.037355176111665146,51.70034535391298,100.0
75.79416277151556,9.364383902148273,0.19225875519161134,0.21927220546766357,0.06878465114781547,47.10801014460019,95.47010747391656
115.99840460341791,6.010866037125368,0.943505638512806,0.8758130340453603,0.09444743366036344,12.126039400936115,100.0
131.7222200201216,6.144514205229099,0.719097150070732,0.9304814714620548,0.08840840340367469,23.680523890056122,100.0
105.52008115994623,3.5198118429425573,0.16105335319465472,0.5383557269370424,0.07894582988817724,55.50069424104988,100.0
102.96505783560065,7.925436398727432,0.37086721025213465,0.6456276439758797,0.08096026089279688,64.21510428921913,100.0
74.18522909004517,2.6833937370177106,0.7373548797807534,0.7883288208126958,0.06984864131283958,54.4718721980356,100.0
59.31027678058992,3.913113127638193,0.16061554132189454,0.25735476453437134,0.03342581718094027,68.40314462533033,55.05839485277871
139.72157579533268,4.828927947547751,0.6239534141586459,0.5523094688170982,0.0916475527635247,75.46448423962497,100.0
140.04180571633304,5.568493408160095,0.41129475125766113,0.45879672499508184,0.07036590807152507,11.09162032406192,100.0
113.31014572732678,3.181687591735722,0.6588239659907293,0.23173659294602422,0.0604396567882396,61.050467539885425,100.0
83.90297910487007,2.033531422652832,0.14116783043126158,0.4307809800623783,0.019989052229213298,115.98491649763471,71.5527287088088
84.92095746126608,6.495580381974693,0.8843831255371386,0.16135507844694422,0.050234998942578296,67.09355081425036,100.0
122.59556788702393,3.597674979162302,0.9761400722596573,0.1232307162545383,0.05143224440817337,84.52964942048484,100.0
139.71102599525773,6.231143992803511,0.9719900697571223,0.2216496602393405,0.0878107248570403,44.305024370857154,100.0
138.70864242651174,2.389264437467821,0.7746866485686322,0.9668036004302565,0.05919833981690097,95.13905159680388,100.0
127.98755458576238,5.330260916693358,0.21707761611756876,0.5945765823055152,0.04423604940733687,95.02136300637267,100.0
114.20316461542878,5.793304892964272,0.7824368763361204,0.9692399450378979,0.09791202956595935,67.34256524195528,100.0
58.41399649950488,1.4664118314018422,0.12212822481292136,0.4892480904971188,0.01996485339936841,117.3615205607135,36.88152363728936
66.16287140946137,4.029438503745285,0.11991119637609754,0.3806345197767337,0.048029358548075024,23.81052362389187,85.24196438642976
139.85541885270794,2.209732092450768,0.3912491972345872,0.5555276765562197,0.013782220765426477,11.86424313785391,100.0
110.64290596595899,1.5703747342549097,0.5397788713641992,0.4955605197696191,0.07659137086902373,94.71740329328055,100.0
50.91970516166297,9.909642091509507,0.7933666760270138,0.19509821583556952,0.09262688969792356,98.78710911013708,100.0
60.14715428660321,3.9011846047725065,0.7149658389458546,0.6767436832211856,0.035203359659544055,23.222795203263388,78.3441752161132
116.35017691080559,8.288870012691714,0.5013124357390735,0.29443436425863967,0.08725075091192089,39.21411162544667,100.0
50.50615838462187,3.2917658928738747,0.3462639996534993,0.6576291594080467,0.0362996407415708,11.93075997032918,77.26111019083272
66.08080514174986,7.133524500015364,0.99741205014194,0.6851809831583381,0.09196931454795237,42.263947185862115,100.0
104.87337893665861,7.842050739007179,0.48356317201237564,0.2368223678157833,0.07785657132371056,95.04560613105386,100.0
119.18951976926932,6.360748665470599,0.506248321896708,0.15521466439960135,0.08244160991572948,66.97565804838368,100.0
115.19612595026005,5.244185696951425,0.24726143907250228,0.8026854274615959,0.011620590004040905,48.29051524851169,91.9255335746192
72.42693094605598,4.706568227325417,0.8153285938749364,0.5138203813923882,0.09665293213666235,50.89132243969633,100.0
121.2179221347536,4.139814398886958,0.7243140032033397,0.15234741595492823,0.0754003892863291,10.148898828701498,100.0
73.72490874968001,9.365762298230432,0.29869265150988433,0.9953796854527904,0.037427598584752,42.97805803217595,100.0
82.53996981592678,8.475574670089562,0.17414294105425843,0.15200250489672998,0.08464551983729623,81.11046158017236,96.47812188886826
124.64914051180241,9.685242195998613,0.7124493718672418,0.7255317059726979,0.0353369078573437,117.16138881979928,100.0
114.96328990472146,2.1186750113699024,0.6890600928530217,0.9853110327370722,0.08854784556095152,103.17669096822894,100.0
134.9223410494178,7.577807276832798,0.3459335742983884,0.31526209379433306,0.020132235137074333,12.595446111008204,100.0
115.76128923003434,9.44506411138934,0.9557772060253693,0.22802443181847656,0.07333173797147162,108.84166651423233,100.0
106.83086033354716,2.6310975954909415,0.23595210260281022,0.209246445480186,0.058662862898041936,96.15182546284885,83.46064140241279
59.36747678280925,1.5984664063009975,0.4891013209383417,0.372947632810836,0.018688102317589675,95.84137359280784,55.13893221190788
86.77158030594336,7.670085843610531,0.949254328150839,0.190941229909582,0.031770444543295515,60.37953349039286,100.0
76.52023676817254,6.170258018619207,0.4777545852335101,0.7229452075247187,0.011116363264958332,53.780582224995314,96.29099103157746
74.39896433790835,8.576458990824449,0.6746733528976769,0.15606261831705642,0.05218911689180553,43.320730171651185,94.69681649532663
147.30105547524454,2.2579513896366055,0.45783495816651487,0.5584799153348108,0.03711387346840004,17.226434484980235,100.0
89.30977246667604,8.15740580673901,0.346793682113803,0.9970271684676791,0.0638521735867983,35.1058899843069,100.0
139.20465551771133,2.8146458804297008,0.9855798831638454,0.8325732425554169,0.03675140269377555,37.126399847582704,100.0
113.11386259972629,2.4729034857913406,0.4684006056835387,0.6536974944079098,0.036992720035628625,63.24847766812218,100.0
129.48113035416486,2.4783921813789362,0.904689283311221,0.37562825870795047,0.0768873878858443,92.21888472563634,100.0
100.2637093105192,8.33117248208244,0.30695914530197754,0.6615062526624746,0.014332855238051811,62.11908112377413,95.44094578003383
107.69038846263591,6.986774986265801,0.29179423362257495,0.5743373175204864,0.09126054956727886,16.36288943918767,100.0
99.25176938188639,5.707588822922074,0.12802067459606023,0.48347504550133436,0.08670374869520633,115.35687810870243,100.0
69.52429877980445,4.229474357111522,0.6865001428382965,0.21763933906617955,0.0701024214903766,113.69967510035235,98.42067527013614
122.24521152615053,8.894804867317974,0.43167370935138505,0.8979437937164201,0.06338994130966459,96.37084974632492,100.0
78.07723624408558,4.532005966803719,0.8779224248556733,0.5048061839391903,0.0903072248325687,119.04606917206426,100.0
52.43159664314538,8.349394955244193,0.5258889160224015,0.2751602606386886,0.0266797161575843,69.89305660802893,70.9059114597113
114.54722959071678,4.952214177131966,0.9713740851232495,0.4309834157895607,0.017107224597174578,115.90451852785267,100.0
67.7110679407049,4.392499864824169,0.266972964132809,0.47271677727603434,0.03155591529185843,18.316554467842586,76.09632138195411
144.04585843529145,5.164118071026458,0.8817608511600497,0.8447841060101868,0.08151204508301713,50.22488230875084,100.0
145.39285770025873,3.7124008674772786,0.7989371675125676,0.7602529425052619,0.0131203240053835,34.79193948074424,100.0
141.48643902204486,7.72848442158626,0.7938296601796468,0.7923744042772058,0.062452615157514074,31.541639254769702,100.0
87.01587002554444,5.5244835108323125,0.8603049053051989,0.10992813798578249,0.0995893764572179,25.48832437819437,100.0
51.54566165288674,3.0899142563213555,0.784921591848699,0.47453859836178536,0.08701264844537855,78.46550057225963,100.0
142.83185625877252,9.096171159471115,0.6635982894682738,0.5332097364717913,0.056930112013923055,95.94540413220356,100.0
92.81841483173143,4.455020992358903,0.21812038991414884,0.11727304914075103,0.015727681835797813,73.61282393623966,62.26374437697523
146.66548190436697,5.891975750025898,0.12927356154212674,0.3338318878705308,0.08482361629471388,26.165898054703064,100.0
146.3619977089253,9.158248998680923,0.9287630630341182,0.7842608408099215,0.06390806573594895,99.2236146926818,100.0
135.300945546736,6.618141963225929,0.6549852830686642,0.22339873515609915,0.02034396973536102,79.95501778801014,100.0
79.44488920695856,2.0520823663752767,0.8168835618785587,0.5817791183073325,0.01844715563410206,52.698227673969505,77.44858566971462
88.50977286019253,9.458489112521276,0.533370116361295,0.29368168481551377,0.09186641374929332,84.15433250896693,100.0
135.1136671516857,6.6493724776427605,0.20557737006615504,0.11090869717950395,0.07022802366442707,38.589547716711614,100.0
81.69220051562777,4.014150531913775,0.2126672129822954,0.3170813118395873,0.084635811938508,47.97114293436316,94.75390888746587
66.94927466860925,2.2534486539704854,0.7170087585060743,0.9782863794190484,0.08910810102540406,110.92344274451892,100.0
105.68012624583501,8.146226703432664,0.48727530540951647,0.8213834006946906,0.06145951168434901,41.955495623856244,100.0
143.61547741607808,6.580654803356621,0.28047225403030307,0.9636189798889301,0.05657017165795372,61.698709497373024,100.0
119.6029796674973,5.801149827786894,0.5424350920672932,0.5390686395337262,0.048738466928889126,107.91552511356161,100.0
107.0061170089365,9.045033247458619,0.1577880433676207,0.19876257880975318,0.03852519290120074,87.84934852942803,96.25882335275118
59.71764937707685,8.097374901020777,0.6237742617229589,0.5931635400763237,0.04911363647728407,16.842354878117302,100.0
111.50072266991697,2.365073917594761,0.3420940639915879,0.5089396011039649,0.07964916901571407,26.20333487068674,100.0
149.00538501042632,3.805498610159934,0.8178031905734693,0.8599213744656543,0.06417310879136184,10.86257498491085,100.0
64.0084015236524,3.236402258330192,0.37932576303121646,0.18827432270582012,0.09032709609593616,79.40139692520798,90.77958692277826
101.83296523637367,7.695516633154092,0.5096981341736211,0.5394170233196004,0.0499042012941269,59.244076795146015,100.0
137.73730719279553,1.3017919126220145,0.11045848591729057,0.23504379822458585,0.06463806208468786,24.77023359925031,100.0
124.07686177542044,6.129007163841849,0.165202199015103,0.39220833420105394,0.06681767977827899,115.37275331624475,100.0
119.7015740995268,7.862128171666215,0.45324420076601635,0.7636213696490197,0.0632527446075693,68.26256963401818,100.0
120.24840839871092,8.890890730855745,0.5319449512454112,0.5284163164318899,0.07323703957769648,36.60826235241781,100.0
85.94911512197552,4.078735738443167,0.6400184933073734,0.4382994566311924,0.03136901215373257,65.06639282701784,92.75433907011582
79.35918442644933,8.391315742048116,0.3624963208383729,0.4550286507130318,0.05611273997912117,84.75823660086186,100.0
130.93611554785136,1.995685632596865,0.7254836975138883,0.513502091565388,0.01938023225275129,18.386313977092094,100.0
131.01133946791808,8.618070625610663,0.8741101574702841,0.8065148894533511,0.04460601948803314,40.21741965526812,100.0
136.70723185801037,2.147397960987842,0.8018658900040149,0.9028762200462109,0.05389003617591381,98.7662039972393,100.0
141.32405525564712,4.575585615043305,0.13565694281352145,0.9598012178535354,0.06870018335909253,60.56313574429274,100.0
101.13423988609378,8.175658292015981,0.5324562525320461,0.8082130476297655,0.09554779473275832,70.12348562355244,100.0
100.15162946871996,2.349256846138964,0.1944371605763574,0.38386620617321143,0.06405859598935203,57.60976024304162,92.16698081776292
129.82951789667752,3.0632625570937733,0.31784051427627474,0.719321235477888,0.07692345245589038,14.828993690730563,100.0
114.99639307777652,7.500273115537596,0.9879963339404318,0.4938428116498528,0.05556394535456825,28.23247578021715,100.0
120.19668772577033,7.480328828914669,0.22824598861136192,0.32920355984144606,0.06706936282386983,59.009580261608,100.0
129.5792669436101,6.770328695967676,0.5489993381062205,0.8567844214833303,0.016383899452039608,33.01040119487206,100.0
139.00053418175662,7.2455360002039,0.6563401608863072,0.1345837140660925,0.032895242275766234,15.497693152564661,100.0
83.79951568515358,5.884519990128366,0.7322184734896936,0.9115857929218811,0.04256677838846249,102.80146304570061,100.0
87.55829526399441,3.266191530162575,0.6036838151382227,0.5153297181622608,0.052524401950586226,117.93117820805274,96.76083258316942
59.3981939840869,4.111263941535275,0.1087937626772653,0.6734813291274524,0.014108387095214538,97.24571613964133,56.908636284475826
107.8280140996174,2.634379451212831,0.3938151774195927,0.6934185299852045,0.022602168779798593,103.91634138751337,97.7419216484821
53.59422737967421,9.176055052002654,0.5659404790462403,0.9056059666358828,0.03491328770121752,36.61748433487499,100.0
96.55980181324603,6.250526152895084,0.17907984923035003,0.6730027139504866,0.09743794218109457,115.66896730645198,100.0
104.26446347075766,4.607662750872759,0.4155642380882627,0.6525402262840556,0.03982123063927457,31.661827489877123,100.0
78.65412521282843,5.1580522327971945,0.12988279791222992,0.15998683650462098,0.05338369523008744,114.65727913980155,67.6028221054169
109.08332605690107,9.525550056506338,0.17072064743951867,0.5665672197506837,0.027648794146455366,119.43012233625461,96.74958314775213
53.05002499390494,2.380162628044722,0.4572309485814364,0.2351521007353375,0.06497020639681915,88.28950863206536,83.58375281273703
53.734818874921444,6.276068488151175,0.21944417863875432,0.7636903918493371,0.03526148939643769,117.92581049710041,69.84306574070607
132.26005606596584,5.5529981099601935,0.6107867634354023,0.560999728731407,0.02862933205945841,72.6493757523814,100.0
86.01906414112628,6.503088118911831,0.7205184722235392,0.712205001287518,0.056491536560138125,38.54959614936993,100.0
62.70605126518848,1.1629916543875645,0.8205280291981746,0.13750561054214586,0.010495521924437874,58.069547423218296,55.725131114053426
102.22432600548044,8.849115180497364,0.2801352198203291,0.1763128144412229,0.01068976293843028,75.29170289166646,75.51417195878537
126.99935530986109,9.38906454235251,0.25073432403316276,0.744691049256414,0.0297161928191672,18.038971822971646,100.0
71.58210274968431,6.086198652302881,0.19411105630096023,0.16487590239880603,0.013304922625073903,78.45775910789708,49.6875282343009
112.28904758190004,7.26985741489203,0.672787224589273,0.16413105498873276,0.019722317871762225,117.9295620438524,93.11742613437447
58.5347464993768,9.302494430595662,0.735828153838211,0.11089762771139872,0.040497458440487646,30.91184147621004,94.38857836036706
55.168172116860774,7.3651477088205874,0.12842753034307783,0.9608512584695321,0.08223271116218316,97.18546279172216,97.04751724928694
103.13546315681481,2.3728513862283522,0.9425910216193208,0.7637575235131062,0.06148437790323708,109.86886731575812,100.0
104.06351216101065,6.186595241501319,0.14677415528632518,0.4179262676518578,0.056140095336077486,113.80717521022429,98.49961850304844
113.74299014982066,6.460435417445703,0.5871667017709634,0.36688202315888974,0.03641399408873095,115.61491648459919,100.0
122.60913337226616,4.817176041721474,0.7381544675058248,0.4147329067712646,0.09385783474895348,67.3605602593619,100.0
147.58520794625346,7.627998120622506,0.883872211371477,0.7971881780630636,0.045731353711347254,117.5038698790654,100.0
101.63003483011954,9.409303132921133,0.742678238919185,0.6952335499633729,0.017838349011619438,93.30412278478828,100.0
82.29564729412459,9.330116616160987,0.8215552747628126,0.26667601108072114,0.06553598645060212,27.783857986065808,100.0
129.51861947687036,5.057554342637189,0.4055051732885254,0.25669840180067593,0.020245455412894128,62.4590117114767,98.19305690164927
77.08322512620742,2.019142412566797,0.833342602371861,0.1885560847420576,0.041070082852152294,89.01642929092044,86.6937321748526
93.8971420705636,9.863570790661012,0.17210336174620763,0.6942724477312043,0.055667074484602806,37.20743474009917,100.0
57.8456381342266,8.550082778013408,0.9053349904544749,0.7879353959995623,0.08868002722166583,80.4676701903776,100.0
52.53507434154575,2.1219641308294017,0.5928331385383626,0.33854178549250363,0.05441919223061069,83.32605269512811,78.62313616295461
146.2648414677925,9.28757694355635,0.8355679929662443,0.11885046492782153,0.07320328894284979,27.896971818942248,100.0
133.59801205122056,8.829067258559155,0.5070864560664702,0.1739545007287846,0.09935351550991633,72.15938436980319,100.0
119.59742060936979,5.669542514134649,0.6792199256768725,0.9710740313605274,0.021834020790818347,94.87896020764684,100.0
90.89529444142698,6.321478921704363,0.5737623948425019,0.3659002997296783,0.03472583729675676,64.87852309895361,99.5669218044556
67.32943200708458,4.591024334831173,0.7584305695797987,0.7923008330543202,0.045511846803788183,11.331342845371816,100.0
65.6437042671086,1.492854749398282,0.17346698382753062,0.6621972119688374,0.04796453606849483,10.99423159872214,83.21084600917054
75.02428981645953,4.016775174813109,0.15431687559150742,0.44374567568760637,0.046991896773899124,49.27322783670134,82.9656236893008
104.92266647061206,8.225681037382103,0.3223929106091318,0.2851185359759996,0.09168499023008994,111.88134752749602,100.0
121.45959227000624,1.0416882070414257,0.2435902121018695,0.2092477763434658,0.07426293800201708,35.15444575639697,100.0
116.01973767177313,4.001492545220298,0.8846052099329815,0.65351167123498,0.06471146926816335,79.78000577588558,100.0
77.99338969459428,4.58351824231849,0.2972925886222399,0.7971704025740092,0.03784354460765039,34.42834577626526,89.79649750018652
145.4865280663194,5.836560426441306,0.9782787302372181,0.6795138281870176,0.08414113457991652,45.38369886255035,100.0
123.78969166957685,9.278700547714845,0.40320621259399614,0.5772719199242425,0.09595544603364901,103.28462985616324,100.0
105.43540525114007,4.1171139492936515,0.2639061241198294,0.13775610108847264,0.08390784542952039,90.17475864969416,100.0
111.17207462343522,4.122578817066049,0.8107286564282312,0.9716398998349454,0.010140859467232562,20.49392050445317,100.0
91.96000624277899,7.637511232987736,0.6928369979507885,0.8188427724891171,0.06727612331650663,57.1572223085077,100.0
74.77309895011575,5.069961468008264,0.5483761448078251,0.36353983303086823,0.014602184329789065,13.20867400097909,77.72923626546623
85.59726786512616,3.021443406459838,0.5998271958438681,0.9819732964229656,0.03318464983003497,62.89791612633099,100.0
125.78461104643691,5.07195564519424,0.7472816004450374,0.6416934306726899,0.015357223031299452,82.86774128711748,100.0
51.439348862975585,2.2677131834181985,0.30560926719816883,0.6241803923865218,0.0643415907654449,23.035288595796672,83.24791621533963
61.607264050691626,2.58748287855601,0.9967005244510677,0.7732658614865789,0.07179309221433462,41.777343280008225,100.0
54.600264202175275,5.4853099546553175,0.9773138459321048,0.8305928092811238,0.020303887425931463,53.762028805237264,94.8060185982521
54.07288023189702,4.770329045540931,0.6852931177122432,0.6908307465983524,0.04454549947404816,111.14841271216547,87.1453486550779
135.5460584011007,9.2336131096129,0.2795882058362306,0.21528617172958003,0.051061285805998786,119.25805169652604,100.0
120.36578593800236,4.261545092049698,0.7122054181881622,0.40444075539504853,0.0432147719584825,14.940242889517744,100.0
97.41738290873252,6.225295152502391,0.16497856808125827,0.9352752762934448,0.020892250043667376,93.71087158449312,94.34950197246421
59.78341606510015,6.690378591275773,0.12758725198522547,0.30215405065946677,0.047705301116872795,50.88964730425776,76.47996383922369
99.16158751168324,1.1178501092950026,0.3319145996600923,0.434950321453762,0.07760602430275763,53.1704004852428,100.0
97.34717707805657,6.971836348150395,0.5163606610653847,0.4888691946497764,0.016390689807992992,92.96914706817249,88.00783876234328
67.32018699100152,2.6023237018277627,0.8814452548675424,0.495464490725007,0.017216201267371313,111.02690753599495,75.00358425525575
93.3851649237973,9.649632857225097,0.7544521627896772,0.651645624245073,0.041929416265238585,114.60214539528033,100.0
89.85047343973734,2.3379645497780164,0.768435869079983,0.9487682539702368,0.09475531404570325,73.48348446421528,100.0
111.58500980522165,4.731617113543214,0.48294400100326784,0.31662344064925446,0.07017153820506226,49.283327523055306,100.0
113.50936508676438,1.7681470127077947,0.41134149329226666,0.20935123867082628,0.07108029610053083,96.63039944446572,100.0
54.53040097720445,9.971868266613527,0.43393488668614244,0.27772344087394363,0.042572799175407856,37.610152158853026,78.13435804892373
87.46126146264712,5.519755092981184,0.9888846073624521,0.8982324101883425,0.06342947120876846,72.04814317168695,100.0
112.58599157142365,6.358465155880394,0.13609827227123425,0.6812297313896855,0.010911806562496905,49.443630767736046,97.27982435250367
100.31362585800878,1.6036882964958474,0.8803283465102038,0.35731611031524413,0.0672486441768588,82.22941810786637,100.0
135.64898411883223,7.7496442335926,0.6208078677151541,0.8343522450717555,0.09219582528186131,36.44388041828576,100.0
115.8693631618945,2.889150337860272,0.49475387727063147,0.8752329967270924,0.06513161215103373,31.075224030830835,100.0
66.29344270814298,9.082488604966423,0.7527318943736229,0.8618629048212503,0.08863287341197106,111.00629953429808,100.0
57.056874740042986,2.8462567643380643,0.5380020472822326,0.927033880275599,0.07515757499194844,21.19840512444906,100.0
114.24192782063156,2.716189485972999,0.8860809142734944,0.3270169181560254,0.020850257476332124,65.65536985084248,100.0
52.65113105416218,1.328947010632854,0.9106316776101326,0.7795377358716504,0.09122079765572576,34.293806125930985,100.0
108.57755812734632,5.248602505989993,0.47954883418610994,0.514485547546726,0.01597994599201974,14.282295965823419,98.7158464057569
144.02302414249576,6.083570199363548,0.3491450175115464,0.8577986976010554,0.058057072529298745,13.962070012056902,100.0
107.5474177875879,1.5913777548551713,0.633115295734026,0.7556416094454519,0.02279234114141119,29.27439493164101,100.0
88.8169926206522,7.9797485502550956,0.9211270110550218,0.7988027018497522,0.011053594965781366,105.34473899566002,98.87205154234542
114.32882184423532,5.079599512732249,0.28959597010509996,0.6905456539129643,0.047983083411487513,41.072661837472936,100.0
95.82528904915166,5.7195124239482205,0.6606699252071345,0.2596858925227362,0.03655366368887406,114.55050876328252,94.98501602856534
104.56167893159349,4.966864722444053,0.6684041980832685,0.5905242270072445,0.053740044441784277,73.97845222881129,100.0
144.14648087765252,4.606867547877934,0.7598017201737529,0.9862027655720573,0.061947989806109584,58.02756087456427,100.0
88.61026378007742,6.036762981773961,0.21841091661453382,0.943649259847407,0.013936516507805263,73.80977181364,75.60936538248833
146.11905638239142,2.3971622133764123,0.7442424682138797,0.1388563622173105,0.02107029656113711,66.83682237488945,100.0
140.53506419560637,2.63735317445744,0.9181292685990768,0.24833333415649342,0.06027781568053829,93.46538791330576,100.0
69.57911347892964,8.756070589121656,0.2617147979832178,0.21855589610910572,0.040885061785539245,41.07456725701375,78.9903336487403
56.936130087516545,9.515039159202695,0.3137889924314899,0.753381918986766,0.07562561387945033,48.83554307603326,100.0
60.07780013774266,4.359783846517777,0.9742555846374756,0.8360067968712506,0.06870624837327458,108.35037327865759,100.0
51.822182565154975,3.436702058291984,0.2628792574385408,0.29216022967960475,0.08610439266909162,114.1102164465446,77.08732003288945
59.44429607559284,6.795995889151142,0.8689465840326213,0.5552674236566462,0.07232435440023029,108.1814050235122,100.0
118.30067734163569,4.678607539882868,0.5430500708032313,0.85663272521008,0.04869379696511334,56.139279335304494,100.0
57.1188648460229,1.2284772009431038,0.3225079669628593,0.7595213902896255,0.07056699601549891,95.84020533075699,95.1920740183518
81.89756302937613,2.4053733762957132,0.8836749111452602,0.5880134849426635,0.03478430568298767,62.39693066312087,98.14105085962487
134.48753109694547,7.443750059626578,0.500774729502399,0.6313129214128956,0.03756821489003914,64.72938373607124,100.0
52.32719357358258,6.930315477191362,0.5633356185367212,0.557524492224652,0.0810086643928714,32.51481199630123,100.0
131.44684825889357,1.2438639325313514,0.42331003245978915,0.36779360618693857,0.0501777564761424,75.0243333584368,100.0
78.18547747733999,2.997749457396545,0.6336557662914347,0.6085197935731145,0.08185423064665173,30.474948752868272,100.0
61.81648276216563,3.0796731692926427,0.2471714853265205,0.7199967718450816,0.08401801363014506,46.47211689739132,100.0
119.67371653641507,7.047034692388555,0.4519733829865846,0.8859906242747269,0.08718061038951554,104.05332217819287,100.0
112.8942846779884,1.1773948397892773,0.9724710901017588,0.6726622185813232,0.09249717122570866,32.77833901319407,100.0
137.7472013527053,1.9369772378611647,0.33232008943101476,0.7850093833388422,0.04878866984619667,17.82741136907761,100.0
123.50710438038858,8.199244768358703,0.691062998087163,0.2440644714591157,0.0386980136489025,17.590835187409795,100.0
130.34809303848488,2.6069019584890025,0.39267105780222544,0.515401726977811,0.06239788719347025,113.48629725534187,100.0
78.20345725713065,6.874714970666872,0.7961258131179406,0.10839845784438397,0.04340551810938649,65.76124817580181,92.8958397408027
67.74395437797229,3.1436450294205387,0.21778629464651483,0.3220109780694607,0.06409667501202097,55.035327899872016,82.99962442743056
125.06147516408583,1.8949725348341064,0.9728389405706902,0.7538155436017043,0.07350272763794422,99.19664391087103,100.0
130.6834739267264,3.1885497189950867,0.5084105872452753,0.9926289562144271,0.07195645166429232,101.94085207015677,100.0
149.0505142000673,7.500402386700932,0.3124454170118176,0.18926028962849434,0.043709759831810927,46.54101364271651,100.0
91.26176769114265,8.701268212956572,0.1661470725970114,0.4613448842751594,0.025017418152887758,86.29798632211748,85.74680765109646
87.20180857927832,8.471978781102925,0.2527821145787867,0.8200638718292436,0.048747640461598685,94.82350974370752,100.0
127.64129607419969,4.5746517665660935,0.5677965537004159,0.28363207116600897,0.022833472967371787,82.01157555525499,100.0
84.08035402530179,7.012766229135815,0.40330285878815764,0.5995764543720576,0.09010873316654275,26.675458228010932,100.0
143.07573256035647,2.844858658742389,0.8459950292943486,0.7597641664267073,0.04112897146640717,106.34713918687628,100.0
135.8412751843012,3.6383295723491194,0.4877987712956253,0.6543869052341611,0.023901377250099144,69.30040080096096,100.0
92.89940273750184,9.067022366690077,0.3238428453288669,0.26922226115387454,0.01229029839151758,41.0719669007004,77.31247007843515
125.08710677914974,1.1170173115966242,0.655430487943627,0.41984611181716547,0.06812401476578359,56.77510039814633,100.0
125.45428740846823,1.7695767776902127,0.7360994951969012,0.8054126060368575,0.0673212085709269,14.132819943879813,100.0
60.31238688359326,2.870976296314246,0.2503377171108549,0.598803862718815,0.04065437499231626,24.065348134465932,85.07640529001013
140.25529066795667,1.2387898348643773,0.2508572946594859,0.10470665218862146,0.01645406999628859,94.2101425567447,89.41972951675132
100.52523724478571,2.632918915808176,0.13300428424018867,0.7848916840252844,0.04686660054057089,10.001279823090275,99.24502152423258
132.64574661077415,6.247374048727229,0.7627618135590765,0.13178021944621518,0.038009574555705423,55.82224113305214,100.0
82.00496010306117,4.792820955332481,0.6974240748596245,0.771160404458109,0.07094085757615085,67.47611991941473,100.0
139.55232284962005,9.034045399692774,0.5271677881748326,0.2822325041487137,0.06452013245074213,16.00978620010695,100.0
88.92016787341632,8.356992055645968,0.8597534040722774,0.9622661321074422,0.0428134355377786,117.03859792695661,100.0
51.08376514802983,4.076356165280884,0.8251031376550478,0.4311466761718761,0.029610329882949114,34.87378643746391,76.75273189181523
140.53819764192636,3.3348109008816325,0.6268189279570769,0.3942384547042712,0.09892323695400328,43.461859159990894,100.0
59.128667678613354,4.417231673505402,0.8814441524619328,0.23399924529920021,0.050860145907650346,43.433676348053005,94.89236433117668
81.93136375904149,6.31265448263327,0.28525708903309144,0.37504379394119336,0.07194468122022134,35.345832832908485,100.0
145.0061967050805,3.4125727674058863,0.2007276574579551,0.8889856856453805,0.02264976708205247,10.162120429494255,100.0
145.0607146937556,6.617340170642207,0.34277465036529065,0.9967009038645226,0.05370307296934581,90.2279273496796,100.0
107.34378881232861,4.684704869721164,0.15137817048038338,0.43147857745616347,0.012478304788251893,116.35300497792139,69.81557694692937
113.18372121697993,5.968424627667822,0.5780525752009288,0.5037495678590883,0.055490960611940504,34.672283161354954,100.0
94.84455219783197,4.92513876221785,0.9429451230654653,0.7498638443824633,0.09676156664059321,82.93519109837646,100.0
79.32107716980646,3.650191835877259,0.13540918660165868,0.8975762024185671,0.04457860416872202,91.60859596545866,86.42298257946827
82.8664545369916,9.53607976265941,0.20989892260902412,0.6337399007681057,0.013509641131742044,103.32679169995772,81.3416979478689
117.25184560770384,7.872452147437848,0.5069791254550917,0.4523731283600464,0.012786021182740918,56.489211671497,99.05147027616444
125.237452943768,2.261018581898073,0.9404875157751145,0.47135965676376135,0.04491880839521826,43.322399620447214,100.0
129.15790437258485,8.816211783081215,0.38454049447907546,0.7260563318471261,0.02440224428168747,45.78246474253342,100.0
128.96181427945538,5.386880784245623,0.5565113278195533,0.10289643724385082,0.012101688669536733,88.38834664083642,88.00153741188534
59.12061030486903,9.050970042046822,0.1374155731453529,0.6576304037138566,0.07805922525551592,99.84574131561996,96.3866402043522
99.44203047025815,8.198697303525837,0.23350888086587998,0.4199437093972217,0.051267070799370165,29.977536453226293,98.5149592631314
55.755876001664426,4.8269215402231005,0.9879671106629622,0.8147775981493758,0.03603202947753891,50.80351089735417,98.02012926822519
104.95288823237355,1.2022237748810567,0.9686068267924409,0.18369157584081897,0.09100748647148327,109.2134216424065,100.0
94.1530501373377,3.4180962344645147,0.10444598284096866,0.6293820402535515,0.020452506418047307,98.73628716642132,71.85237375907035
138.77041827582997,5.874707931947802,0.9566306068809151,0.5328756008975114,0.09603269460597873,118.33442430387234,100.0
85.09150125520787,6.701303978435325,0.6752079440339503,0.6780929733147046,0.038257004563961756,92.96730856502889,100.0
61.706701642760585,3.3209891688988207,0.88112646506802,0.1583682350346715,0.08995633050778132,53.25147211307145,100.0
64.29916820528359,2.254204666655417,0.5092658700704732,0.6219854086853182,0.06426485888315155,74.97016173941016,96.49360339349715
126.15106317174723,8.514372131193692,0.5640364257213253,0.6053361291635714,0.08440366237673387,82.71156796720523,100.0
111.8218063316261,9.85961962633197,0.5399619222312282,0.6045940849745538,0.09856118468894179,18.630139794883632,100.0
60.11226761227903,5.731211640724172,0.700177831791494,0.6431388999368093,0.03595648940368712,69.89466550142515,84.38092063023844
58.41068061149974,2.5451135726347314,0.22568612928068163,0.708821143503726,0.09650219368668338,88.02529113198705,95.79923304120128
120.096913145912,3.4507659386743206,0.12697623088541016,0.8244900997126928,0.04505337054121784,28.405343440116642,100.0
57.27630063641935,1.1655160889272005,0.3771369474320718,0.3428386481153929,0.044696071426323015,95.86948891681129,59.76536361240414
132.18600592903562,9.228689259044492,0.734212686462982,0.8425444691620558,0.04063483938290552,74.21500585655228,100.0
120.62422271564962,2.05975974601127,0.2816681069106535,0.5484301140371083,0.058726684661282676,114.7443964267354,100.0
58.13487806418998,6.188648279628282,0.7060891899924255,0.16935245122089804,0.02387305388606384,14.666452802758087,78.23823733497272
58.48377140851919,3.466496986184854,0.9729208414965433,0.15269583631958128,0.05983403368222101,39.18587513110137,98.15347748669333
148.66395785011753,5.9876020226421405,0.18451064421047655,0.4008144868264547,0.05875343311690037,76.17092672298065,100.0
87.42707957561203,6.862783495166778,0.7053419064026136,0.8064072794003208,0.07857116313443831,42.621590342652375,100.0
87.06421470668909,8.467676233364815,0.49937519737411407,0.7369128412668242,0.0850284965743827,88.58665804783664,100.0
131.27995672575025,2.8577914458454288,0.8813280289397548,0.8097534682051658,0.04963972152811817,93.49058107741241,100.0
144.72485773838588,1.0989624579263242,0.25943481050264733,0.5655421507974484,0.03720999244163444,21.27675604731219,100.0
148.6001063822871,2.2319706706192655,0.723363357003548,0.49617909815994155,0.03334014075853851,66.52399106274444,100.0
125.33781852589416,9.100167776632945,0.8543037606832992,0.23270727403565555,0.027516145303438475,65.97796111501614,100.0
87.62595855309158,8.865010698062637,0.950152797526621,0.39537347824838043,0.01518828239791224,50.620884723709516,100.0
58.35007166986688,6.376717919532775,0.7149232254606812,0.4906174295564878,0.0408203180951242,112.62173488266393,86.29512643198603
127.71469159274368,6.40465174390288,0.5474572876075846,0.17974038671165551,0.034322292291770494,101.02569518605434,100.0
105.8404249735805,6.9853300709163,0.6560625161810925,0.29855075744009013,0.09697756472797667,86.69303201006005,100.0
92.42220092469762,2.5783415076110465,0.8820144860308464,0.6384027646573649,0.06019379436250396,88.57592993084972,100.0
140.6354385094736,9.229707513324637,0.6135487719749467,0.7620968028152708,0.04125493351274569,60.7887758194431,100.0
61.11974823061513,4.768934724028658,0.12734835372715317,0.9985127602536547,0.062242084089432645,111.30939732062335,88.39379425872947
99.26251042908592,4.448246754245477,0.93785382595628,0.9398019982092018,0.022527703121112595,86.40549699786139,100.0
51.135364476741906,5.670259347545538,0.7205740759284051,0.6783086795816724,0.04996393742819827,90.18791678213981,91.04331849025733
96.86606419941262,1.4226937009754954,0.7088620471995218,0.47912324796466477,0.06636108892789574,104.78599941660798,100.0
55.63032756818374,2.4965503188047147,0.29410763715794547,0.6725596282374094,0.05400080486132063,40.14787482764101,86.00805056807192
61.88179162680719,7.642302547837334,0.6929969232093914,0.8070864562722088,0.04616009205888919,98.77779942533734,97.6471347260984
61.752624677710486,1.7451880113261382,0.4544779650887426,0.2065025718310486,0.09944635500097285,31.476466325214123,99.15529289893477
114.92103021160635,6.428368985197494,0.6861096793373429,0.46891440072665946,0.08922832859340343,47.98761474693766,100.0
124.60448792654233,3.2081419871318886,0.19593372727719166,0.8558220570720555,0.06610653623434962,46.9171499696827,100.0
108.33687650971596,4.503660526377789,0.6920607741427324,0.4454496567397396,0.06124396250640546,117.63780152280546,100.0
146.21725484745417,3.598243630936299,0.9994723531936,0.6146850441044679,0.06585944318421257,104.21909461227196,100.0
87.4870579523704,4.201054448184542,0.14339083497450045,0.6289924247759784,0.028118089704018995,87.12868477492857,81.58910872629673
78.57120862818607,7.471413146658209,0.9794567657991856,0.2660286278202754,0.04556239689378868,89.97624377769291,100.0
136.85991281894604,3.6740954406085753,0.4662171646505836,0.4260118974870596,0.013551357960180938,71.82800738428281,100.0
72.35958385194526,6.097641762672074,0.8836781053035332,0.4010601598677389,0.05279914337381441,114.1799733819371,100.0
146.32225394406112,5.284453619791897,0.8041469356524461,0.12357703767885832,0.05887221255618969,64.58846281705976,100.0
51.21544746898164,6.973040488263833,0.610314634888001,0.12177258750221973,0.030497476249288863,51.8569480856884,69.57618479053582
146.9878826707639,9.431467653922821,0.7646042883261939,0.8485273393081961,0.09676259624489623,27.93388706247501,100.0
54.31599119505761,7.593148874892252,0.8906640051712131,0.3457637289755312,0.09185091498435179,96.48262174871638,100.0
139.11431136980713,2.934463407316811,0.46372628948592964,0.5662708896149339,0.07499289119103153,90.78883252831506,100.0
102.77011090862999,1.2806482155515622,0.39432984540691485,0.36885301622989575,0.05800479658888264,52.27905423765484,98.51004327116145
149.29647961193004,3.360376398698426,0.7008340470072263,0.9466113206038065,0.08829722436829165,12.77127553551523,100.0
57.37965647353989,6.355701376302293,0.8270613477471327,0.33336708297919637,0.021758710944111664,102.28970604898117,81.43209194109973
105.38542844013207,1.462832321358253,0.7860566212989542,0.4866911314650416,0.08114588148473965,11.2559781799481,100.0
146.9302535619099,5.467296224811127,0.8180322839727711,0.8854572254361417,0.021233873257016346,87.4069757591956,100.0
102.30978441701488,6.371585640252003,0.4920249833316397,0.8577402101126278,0.08147895962944648,116.72828206986628,100.0
112.93986381352624,4.008195017352648,0.8360507945575194,0.2674912760616496,0.03481908114262213,58.14274609630238,99.33103570728248
119.57486889846172,7.938209833712397,0.2081881498335476,0.8223789788161394,0.08893815229163701,35.847074549554804,100.0
95.45410647677733,1.9593842782039461,0.5900401881647646,0.5123681980641034,0.09496378844428581,87.535811104772,100.0
112.75580800840635,1.6762400356222789,0.10518279444830941,0.5346719848768197,0.023391637246460407,99.88409562171437,76.59011118272976
108.43143119231001,7.55369880583243,0.39212724691024325,0.2201319751743494,0.051640804455885425,70.1073347685632,100.0
140.11580104909888,5.459421845855786,0.4298153813842581,0.1725413623814122,0.09828886403464167,116.37388027817607,100.0
54.54463803414579,7.195621567849624,0.4565554224483299,0.7551453762763887,0.0535066692375832,15.683559382375721,100.0
78.09631895922303,4.913446047433716,0.725920486020876,0.5468150371197698,0.08771927702630906,65.5275158134981,100.0
145.04114840765587,3.2176182991519613,0.4497022911433112,0.4931656323536616,0.0629858369918188,89.02993420548052,100.0
139.02637838909163,8.371920859067798,0.5038242603602776,0.756557405787157,0.04377969171276417,104.89045182640969,100.0
95.56567527857129,8.194742910720812,0.31378971778689474,0.7889616090919988,0.03572051999732832,29.718117309856904,100.0
112.01325978015367,7.252268237689841,0.43592661246640607,0.24301735090241822,0.028290078197747856,98.00038299400495,86.42618656437863
77.73811829811326,3.449306235069664,0.3045426645368363,0.6492026345298771,0.07856183722399275,70.79777832903997,100.0
68.81211597237613,6.312076001821784,0.1658763313915993,0.22181867404991698,0.04478864561407252,53.620905018895954,68.74530133163452
96.36984049399823,4.248765072460241,0.6431037340432401,0.7762375774261411,0.05601479159806761,24.48865314370029,100.0
85.33522280260527,1.8242386599397074,0.7013915186995147,0.6912596406404256,0.05430929320010638,105.18253347998036,95.78920591206905
108.3656111850872,9.255822179160186,0.657541311408653,0.9609531589751121,0.06195511263098182,27.300052899768687,100.0
57.77346369649848,2.2313676782706526,0.5171446394205151,0.16206221472077909,0.0879019431062097,44.076664513000914,88.27235470198174
147.43948076661667,9.552136184387223,0.44180720216130687,0.1513492490361289,0.09826654092250865,41.905008515868055,100.0
148.62107444796027,5.014051956621602,0.8770002846146427,0.35396836722388014,0.04668257877164353,105.85554376099397,100.0
